task,acc,auc
thermostability_holdout_experiment,0.49635036496350365,0.5273972602739726
expression_holdout_experiment,0.5401459854014599,0.5213219616204691
combined_hidden_pair,0.6277372262773723,0.5281892021022456
