,mean,std
seed,3.0,1.5811388300841898
test_mae,5.185365772247314,0.40771256318592636
test_rmse,7.275363731384277,0.5422194466369553
test_r2,0.3419848531217678,0.09952250508290154
hold_mae,4.7656992197036745,2.839276387054692
hold_rmse,5.030785703659058,2.667383572264831
hold_r2,-14.57515728652452,13.508373181707151
