source_file,n_rows,n_unique_heavy,n_unique_light,n_unique_pairs,y_mean,y_std,y_min,y_max
adams2017measuring_4420-fluorescein_exp_er.csv,10970,2803,1,2803,0.7582870510483135,0.47854530635751,0.01074,3.881
koenig2017mutational_er_g6.csv,4275,2262,2015,4275,1.0051368237328173,0.5711471966642329,0.0009765625,3.177780504
jain2017biophysical_HEK.csv,137,137,136,137,147.16642335766423,62.635620242342775,6.6,277.2
garbinski2023_exp.csv,94,86,90,94,210.1235106382979,88.85834166380675,68.29,373.75
