domain,n_holdout,n_source_train,n_source_val,mae,rmse,r2,best_max_depth,best_learning_rate,best_subsample,best_colsample_bytree,best_reg_lambda,best_iteration
garbinski2023_tm1.csv,86,965,257,13.172401428222656,14.658842086791992,-2.3011552442611762,5,0.05,0.8,0.8,5.0,208
hutchinson2023enhancement_singletm1_igg.csv,23,1009,276,1.4611570835113525,1.8438878059387207,-0.2568710329594004,3,0.05,0.8,0.8,1.0,654
hutchinson2023enhancement_top200tm1_igg.csv,192,894,222,1.7253708839416504,3.0155491828918457,-0.24364368075644127,5,0.05,0.8,0.8,5.0,487
hutchinson2023enhancement_top27tm1_igg.csv,28,1032,248,1.4568935632705688,2.540635347366333,0.0049870518606854874,5,0.05,0.8,0.8,5.0,254
jain2017biophysical_Tm.csv,137,945,226,6.104170799255371,8.448701858520508,-1.0929590761736434,4,0.05,0.8,0.8,2.0,229
jain2024assessment_Tm.csv,43,1020,245,6.352290630340576,7.309596538543701,-1.4018095459290323,3,0.05,0.8,0.8,1.0,330
sulea2019assisted_sdAb_tm.csv,33,1027,248,5.568806171417236,5.926928520202637,-3.7629080169667297,4,0.05,0.8,0.8,2.0,269
tresanco2023nbthermo_tm.csv,671,516,121,8.993841171264648,11.08694839477539,-0.19928175252928115,3,0.05,0.8,0.8,1.0,91
