{
  "thermo": {
    "acc": 0.7032520325203252,
    "auc": 0.7470959176900099,
    "n_train": 1064,
    "n_test": 246
  },
  "expression": {
    "acc": 0.7709864603481624,
    "auc": 0.819154035170014,
    "n_train": 12891,
    "n_test": 2585
  },
  "combined": {
    "ok": true,
    "n_overlap_test": 65,
    "dev_acc": 0.6923076923076923,
    "dev_auc": 0.6940000000000001
  }
}