task,acc,auc
thermostability,0.7032520325203252,0.7470959176900099
expression,0.7709864603481624,0.819154035170014
