n_rows,n_studies,same_study_knn10_rate,knn10_y_smoothness_corr,pca_explained_var_50
15476,4,0.9989596795037478,0.922145751452437,0.9927974939346313
