,mean,std
seed,3.0,1.5811388300841898
test_mae,5.299357891082764,0.17217406739917476
test_rmse,7.155781364440918,0.1358057213392495
test_r2,0.4250518120803381,0.021911558599079464
hold_mae,5.529949140548706,2.4940593932364843
hold_rmse,5.9826983451843265,2.409172986669431
hold_r2,-19.31552726130463,14.28744828633151
