,mean,std
seed,3.0,1.5811388300841898
test_mae,5.483475589752198,0.3472292316109269
test_rmse,7.53999137878418,0.3483778317575404
test_r2,0.29517109774191425,0.06475093598755093
hold_mae,5.322046422958374,2.2464228490112643
hold_rmse,5.848860263824463,2.1934599090840368
hold_r2,-18.120897206378203,13.837220169882887
