source_file,rows,pos,fitness_mean,fitness_std,pos_rate
adams2017,10970,2760,0.7582870510483135,0.47854530635751,0.2515952597994531
garbinski2023,137,70,147.16642335766423,62.635620242342775,0.5109489051094891
jain2017,94,66,210.1235106382979,88.85834166380675,0.7021276595744681
koenig2017,4275,3301,1.0051368237328173,0.5711471966642329,0.7721637426900585
