split,n,mae,rmse,r2
within_test,136,5.8889641761779785,7.785532474517822,0.4042324282718406
external_all_other_experiments,639,7.877011299133301,9.827645301818848,-0.7576609269696046
