split,domain,mae,rmse,r2
holdout,sulea2019assisted_sdAb_tm.csv,7.675767421722412,7.956876754760742,-7.584166282881064
