split,domain,mae,rmse,r2
holdout,sulea2019assisted_sdAb_tm.csv,10.06638240814209,10.324281692504883,-13.452154150031603
