split,domain,mae,rmse,r2
holdout,jain2024assessment_Tm.csv,7.154109001159668,8.686467170715332,-2.391861892596175
