split,domain,mae,rmse,r2
holdout,jain2024assessment_Tm.csv,7.105917453765869,8.455079078674316,-2.2135649586152506
