split,domain,mae,rmse,r2
holdout,garbinski2023_tm1.csv,16.345640182495117,18.183748245239258,-4.079646479294006
