split,domain,mae,rmse,r2
holdout,jain2017biophysical_Tm.csv,6.721401691436768,8.71591567993164,-1.2274440225179646
