split,domain,mae,rmse,r2
holdout,garbinski2023_tm1.csv,16.174575805664062,17.977542877197266,-3.965091814639316
