split,domain,mae,rmse,r2
holdout,sulea2019assisted_sdAb_tm.csv,7.899904251098633,8.234641075134277,-8.193951430234046
