domain,n_holdout,source_domains,best_source_val_rmse_z,mae,rmse,r2
garbinski2023_tm1.csv,86,18,0.47173650562763214,14.922163009643555,17.09415054321289,-3.4891247244252455
hutchinson2023enhancement_singletm1_igg.csv,23,18,0.4292627018358972,1.5666102170944214,1.9747657775878906,-0.44162707571235815
hutchinson2023enhancement_top200tm1_igg.csv,192,18,0.3793495808624559,1.4586225748062134,2.7958412170410156,-0.06902581290221654
hutchinson2023enhancement_top27tm1_igg.csv,28,18,0.4111655511789852,1.6531436443328857,2.586357593536377,-0.031148450856168353
jain2017biophysical_Tm.csv,137,18,0.36730197072029114,6.721401691436768,8.71591567993164,-1.2274440225179646
jain2024assessment_Tm.csv,43,18,0.40345419405235183,7.105917453765869,8.455079078674316,-2.2135649586152506
sulea2019assisted_sdAb_tm.csv,33,18,0.4290146855637431,8.462620735168457,8.73479175567627,-9.344702874711942
tresanco2023nbthermo_tm.csv,672,18,0.5135028039415678,10.277099609375,12.812593460083008,-0.6037676017866023
