domain,n_holdout,source_domains,best_source_val_rmse_z,mae,rmse,r2
garbinski2023_tm1.csv,86,18,0.4564733784645796,16.174575805664062,17.977542877197266,-3.965091814639316
hutchinson2023enhancement_singletm1_igg.csv,23,18,0.42911674620376694,1.5881195068359375,1.991129994392395,-0.46561856249734057
hutchinson2023enhancement_top200tm1_igg.csv,192,18,0.38689435169928604,1.471418023109436,2.765566349029541,-0.045999064934531875
hutchinson2023enhancement_top27tm1_igg.csv,28,18,0.41248095418430036,1.9691120386123657,2.825273275375366,-0.2304527703104169
jain2017biophysical_Tm.csv,137,18,0.35540539357397294,6.573398113250732,8.42344856262207,-1.080466118393311
jain2024assessment_Tm.csv,43,18,0.39484999183979297,7.154109001159668,8.686467170715332,-2.391861892596175
sulea2019assisted_sdAb_tm.csv,33,18,0.44934443901810384,7.899904251098633,8.234641075134277,-8.193951430234046
tresanco2023nbthermo_tm.csv,672,18,0.515923318763574,10.388991355895996,12.891227722167969,-0.6235135404648864
